Rôle;Nom;Session;Pays;Ville;"Event Date	";Prédev;Dev;Prod;WIP ;Genre;Format;Submission opening;Deadline;Lien;Films;Restrictions
Fonds;Hubert Bals ;HBF+Europe;Netherlands;Rotterdam;28/01/2025;;x;x;x;Doc;Feature-length;;TBA;https://iffr.com/en/hubert-bals-fund/hbf-practical-info-deadlines;;European producer should apply for a global south project of more than 60min
Fonds;mama cash;Radical love fund;Netherlands;;;;x;x;x;Doc;Tous;01/07/2025;31/09/2025;https://filmfreeway.com/AFRIFF;;Individual activist fund on activist topic or to create an individual activity linked with activism, Women directors on feminists topics (1 film granted only before) 7 000€ , create change. always open
Festival;Africa International Film Festival;;Nigeria;Lagos;03/11/2024;;;;;;Tous;;31/06/2025;https://filmfreeway.com/AFRIFF;;Film d'afrique
Festival;Oslo fusion IFF;;Norway;Oslo;19/09/2025;;;;;Tous;Feature-length;;10/01/20258;https://filmfreeway.com/OsloFusion;;LGBT International Movies
Festival;Journées de Soleure;Pitching Session;Suisse;;22/01/2025;;;;x;;Feature-length;;08/13/2024;https://www.solothurnerfilmtage.ch/fr/pro-et-medias/so-pro-appels-a-projets/pitching-deuxiemes-et-troisiemes-longs-metrages;;2eme et 3 eme Films, Réalisateurs Suisses
Festival;Mezipatra;;Czech Republic;;06/11/2025;;;;;Tous;Tous;10/03/2025;13/07/2026;https://www.mezipatra.cz/en/festival/rules-and-regulations.html;Nuusiku;LGBT International movies
Festival;FIFIB Bordeaux;LE C.L.O.S;France;Bordeaux;07/10/2025;x;x;;;Tous;Feature-length;01/06/2026;01/06/2026;https://www.fifib.com/fr/le-clos;;
Program;CAPEUSA;Asian American Filmmaker finishing fund;USA;Los Angeles;;;;;x;Fiction;Feature-length;25/01/2026;30/03/2026;https://www.capeusa.org/finishing-fund;;Finishing fund for All Narrative games, animation from USA, help to improve quality and financial viability of a project ! Only for  asian american, Native Hawaiian or Pacific Islander, 50 000$ for 2nd til 5th movie
Fonds;From the heart;Spring Grant;USA;;;x;x;x;x;Tous;Tous;;30/03/2026;https://fromtheheartproductions.com/grant-application-form/;Nuusiku, Doculgbt;International LGBTQI+ and Queer projects, 3 500$ grant + advantages + consultation
Fonds;The Whickers;Prodution ;UK;;;;;x;;Doc;Feature-length;10/11/2025;31/01/2026;https://www.whickerawards.com/apply/film-and-tv/;;Premier docu, pays du sud, £25000
Fonds;The Rockfeller Foundation;;USA;New York;;x;x;x;x;Tous;Tous;;20/12/2025;https://www.rockefellerfoundation.org/history/the-foundation-establishes-a-fellowship-program-to-support-independent-film-video-and-multimedia-artists-in-the-united-states/;Akshat;USA & LATAM Filmmakers, Film, video and multimedia, but also some Fonds for gender equity in Africa, Asia
Festival;Wicked Queer;;USA;Boston;04/04/2025;;;;;;Tous;;16/12/2025;https://filmfreeway.com/WickedQueer;;LGBTQIA+ Content
Fonds;Hot Docs;Blue Ice Docs Fund;Canada;Toronto;24/04/2025;;x;x;;Doc;Feature-length;;02/12/2025;https://hotdocs.ca/industry/film-funds/hot-docs-blue-ice-docs-fund/apply-hot-docs-blue-ice-docs-fund;Doculgbt;Pour Réalisateur et producteur Africain vivant en afrique, Dev 10 000CAD, Prod 40 000CAD, le producteur africain doit etre détenteur des droits
Festival;Hot Docs;;Canada;Toronto;25/04/2025;;;;;Doc;Feature-length;;02/12/2025;https://hotdocs.ca/;;Pour Réalisateur et producteur Africain vivant en afrique, Dev 10 000CAD, Prod 40 000CAD, le producteur africain doit etre détenteur des droits
Fonds;Hot Docs;;Canada;Toronto;24/04/2025;x;x;x;;Doc;Feature-length;;02/12/2025;https://hotdocs.ca/industry/film-funds/hot-docs-blue-ice-docs-fund/apply-hot-docs-blue-ice-docs-fund;Rayon noir;Autres Fonds pour réals canadiens (Rayon noir A table?!) 
Festival;Hot Docs;;Canada;Toronto;25/04/2025;;x;x;;Doc;Feature-length;;02/12/2025;https://hotdocs.ca/;;underrepresented and marginalized communities around the world, international filmmakers
Festival;Luxor African Film Festival;STEP Film Lab;Egypt;Cairo;14/01/2025;;x;x;;Fiction;Feature-length;;01/12/2025;https://www.luxorafricanfilmfestival.com/en/Etisal/Regulations;Nuusiku;Lab for African filmmakers less than 35 y.o developping their 1 or 2nd feature fiction film
Fonds;From the heart;Carole Dorothy Grant;USA;;01/03/2026;x;x;x;x;Tous;Tous;;30/11/2025;https://fromtheheartproductions.com/carole-dorothy-joyce-grant-for-student-filmmakers/;;USA Students LGBTQI+ and Queer projects with budget less than 50 000$, $3 000 grant + advantages
Festival;Safar Arab Film Dev Workshop;;UK;;18/06/2025;x;x;;;Fiction;Feature-length;29/10/2025;18/11/2025;https://www.safarfilmfestival.co.uk/;Mimouna;2 days workshop for arab filmmakers for their New project, writing, Arab living in UK filmmaker for their 1st or  2nd feature max
Festival;Berlinale;Competition;Deutschland;Berlin;;;;;;;Feature-Lengh;;01/11/2025;https://www.berlinale.de/en/film-entry/submission/start.html;;
Festival;FESPACO;Les ateliers Yennenga Connection;Burkina Faso;Ouagadougou;22/02/2024;;;;x;Tous;Feature-length;;31/10/2025;https://fespaco.bf/fespaco-pro/les-ateliers-yennenga/;Nuusiku;African Director
Festival;HongKongIFF;Project Market;HongKong;HongKong;17/03/2025;;;;;Tous;Tous;;31/10/2025;https://industry.hkiff.org.hk/en/idp-submission-period-and-fee;;Worlwide projects 
Fonds;From the heart;Fall Grant;USA;;;x;x;x;x;Tous;Tous;;30/10/2025;https://filmfreeway.com/AFRIFF;Nuusiku, Doculgbt;International LGBTQI+ and Queer projects, 3 500$ grant + advantages + consultation
Festival;IFFR;Cinemart;Nettherland;Rotterdam;02/02/2025;;;;;Doc;Feature-length;;20/10/2025;https://iffr.com/en/iffr-pro/cinemart;;International Coproduction Market
Festival;Mix CPH;Queering the Pitch;Danmark;Copenhagen;24/10/2025;x;x;;;Fiction;CM;;17/10/2025;https://mixcopenhagen.dk/queering-the-pitch;;LGBT Pitching contest (5000€ to win) for scriptdoctoring
Fonds;Hubert Bals ;Co-pro ;Netherlands;Rotterdam;28/01/2025;;x;x;;Doc;Feature-length;;06/10/2025;https://iffr.com/en/hubert-bals-fund/hbf-practical-info-deadlines;;Netherland Producer should apply for a global south project over 60min
Fonds;Cinéma de la francophonie OIF;TV5 Monde Plus;Afrique;;01/10/2025;;x;x;;Tous;Tous;;01/10/2025;https://www.imagesfrancophones.org/soutiens/fonds-francophonie-tv5mondeplus/presentation;;Droits de diffusion Plateforme TV5 Monde + pour  projets avec un producteur des pays d'afrique francophone POSTULER LE 1er JOUR https://www.imagesfrancophones.org/soutiens/Fonds-image-de-la-francophonie/modalites
Fonds;Frameline;Completion Fund;USA;San Francisco;18/06/2025;;;;x;Tous;Tous;;01/10/2025;https://www.frameline.org/completionfund;Nuusiku;Gap Financing for LGBT project with 90% fullfiled budget, Up to 5000$, International Artists
Fonds;Global Film Inititative;;;;;;;x;x;Fiction;Feature-length;;01/10/2025;https://www.globalfilm.org/guidelines_en.html;;International projects, up to 10000$, Suspended ? 
Festival;Masharket;Marsharket;Rwanda;Kigali;02/11/2025;;x;x;;Fiction;Feature-length;;15/09/2025;https://www.linkedin.com/posts/masharket-kigali-international-content-market_masharket-brief-concept-and-call-under-activity-7236337993337192449-AaOt/;Nuusiku;African project, special attention for eastern african filmmakers
;SSIFF;Ikusmirak Berrriak;Espagne;San Sebastian;23/09/2024;;x;;;;;;02/09/2025;https://www.sansebastianfestival.com/2024/industria/ikusmiraberriak/1/21524/in;;Basques, Spanishs, Internationals (less french)
Festival;IFFR;Cine Mart;;Rotterdam;30/01/2025;;x;x;x;;Feature-length;;01/09/2025;https://iffr.com/en/iffr-pro/cinemart/cinemart-project-submission;;International 
Festival;IFFR;Competition;;Rotterdam;30/01/2025;;;;;;Feature-length;;01/09/2025;https://iffr.com/en/iffr-pro-submissions/film-entry;;International 
Program;Toronto Filmaker Lab;;Canada;Toronto;01/09/2025;x;x;;;Fiction;Feature-length;;01/09/2025;https://www.tiff.net/industry-filmmaker-lab;Nuusiku;Canadian and international project to pitch
Program;the gotham;Development documentary ;USA;;;x;x;;;Doc;Feature-length;01/08/2025;31/08/2025;https://thegotham.org/documentary-development-initiative/;;BIPOC, international,  LGBTQ+, and/or storytellers with disabilities
Program;The Writers Ink Institute;;USA;Los Angeles;01/10/2025;x;;;;Fiction;Feature-length;15/07/2025;30/08/2025;https://www.thewritersinkinstitute.org/;;Full online october/january program to develop the 1st Feature movie for artist theat never fully writed a full script, for international screenwriters
Program;New Filmmakers LA;;USA;Los Angeles;;x;x;x;x;Tous;Tous;01/08/2025;28/08/2025;https://www.newfilmmakersla.com/NewNarratives/;;International filmmakers, 5 * 5000 USD Grants, Director need to be recognize in a big film festival or development industry program
Fonds;Alter-Ciné;Global South;Canada;;;;x;x;x;Doc;;;15/08/2025;https://www.altercine.org/html/en/programme-de-bourses.php;Doculgbt, Nadine, Ecapuchadas;Global south director in Africa, Asia and LATAM & Chili
Festival;image+nation;;Canada;Montréal;20/11/2025;x;;;;Tous;Tous;;15/08/2025;https://filmfreeway.com/imagenationfestivalfilmlgbtMontreal/;;Festival LGBT + Scenario Lab pour court métrage
Program;Real Screen;Content accelerator for Women;;;;;;;;Doc;Ciné & TV;;01/08/2025;https://propelle.realscreen.com/entryinfo/entryguidelines;;
Fonds;Ithra;Film Production;Saudi Arabia;;;;;x;;Fiction;Tous;;01/08/2025;https://www.ithra.com/en/visit-ithra/attractions/cinema/ithra-film-production;;Arabian  Saudi Filmmakers
Festival;Cairo IFF;Competition;Egypte;Cairo;12/11/2025;;;;;Tous;Tous;;01/08/2025;https://vp.eventival.com/ciff/46th/film-form/film_submission;;"Premiere internationale for Feature   ; Short - 30 min"
Festival;Cairo IFF;Competition;Egypte;Cairo;12/11/2025;;x;x;;Fiction;Feature;;01/08/2025;https://vp.eventival.com/ciff/46th/film-form/film_submission;;International Feature
Program;Queer Art;Mentorship;USA;Lew York City;10/01/2025;x;x;;;Fiction;Tous;01/06/2025;31/07/2025;https://www.queer-art.org/mentorship;;USA Queer & LGBTQI+artists Mentorships, 
Program;Atelier Atlas  - MIFF;;Morocco;Marrakech;01/12/2025;x;x;;x;Tous;Feature-length;;31/07/2025;https://atlasateliers.marrakech-festival.com/fr;Nuusiku;MENA et Continent Africain, 1er, 2 ou 3eme film,  a lieu pendant le marrakech international film festival, il y a un co-production market
Festival;MARRAKECH IFF - Maroc;Comptetition;Maroc;Marrakech;25/11/2025;;;;;;;;30/07/2025;https://film-ateliersfestivalmarrakech.festicine.pro/en;;International 1st & 2nd
Fonds;Film Indepandant;Screenwriting Lab;USA;;;x;;;;Tous;Feature-length;01/07/2025;15/07/2025;https://www.filmindependent.org/programs/applications/;Nuusiku;International Filmmakers, lot of monney ! during all the year
Fonds;itvs;Diversity development fund;USA;;;x;x;;;Doc;Tous;;12/07/2025;https://itvs.org/funding/;;BIPOC director, International fund, USA co-producer, up to 25,000$
Fonds;SSFILM DOCUMENTARY FUND;;USA;San Francisco;01/10/2025;x;x;;;Doc;Feature-length;04/03/2025;07/07/2025;https://sffilm.org/documentary-film-fund/;Akshat, Bathe;International filmmakers, 10 000 / 15 000$
Program;Athena ;Screenwriting Lab;USA;Los Angeles;06/03/2025;x;;;;Fiction;Feature-length;01/06/2025;01/07/2025;https://filmfreeway.com/AFFWritersLab;;Online programm for Women screenwriters with no Feature film written yet. 2*10 000$ to win, 
Program;Athena ;Screenwriting Lab;USA;Los Angeles;07/03/2025;x;;;;Fiction;Feature-length;01/06/2025;01/07/2025;https://filmfreeway.com/AFFWritersLab;;Online programm for Women screenwriters with no Feature or tv film or serie written yet. 2*10 000$ to win, 
Festival;Doc Leipzig;Short n'Sweet;Deutschland;Leipzig;27/10/2025;;x;x;x;Doc;Tous;;01/07/2025;https://www.dok-leipzig.de/en/submission;Akshat;International 1st Animated documentary
;Forum de namur;;Belgique;Namur;28/09/2025;;x;;;;Feature-length;;30/06/2025;https://www.fiff.be/actualites/forum-de-namur-2024;;Francophone à l'tape de traitement.
Fonds;From the heart;Summer Grant;USA;;;x;x;x;x;Tous;Tous;;30/06/2025;https://filmfreeway.com/AFRIFF;Nuusiku, Doculgbt;International LGBTQI+ and Queer projects, 3 500$ grant + advantages + consultation
Festival;Doc Leipzig;Co-pro Market;Deutschland;Leipzig;27/10/2025;;x;x;;Doc;Tous;;15/06/2025;https://www.dok-leipzig.de/en/co-pro-market;;International projects with international audience in mind, artistic and series accepted
Fonds;Arab Fund for Film and Culture;Cinema;MENA;;;x;x;x;x;Fiction;Tous;15/04/2025;13/06/2025;https://www.arabculturefund.org/Programs/12;;MENA Filmmakers, shorts (prod and post prod, 20 000 & 10 000) and Features (dev, prod, post-prod bet 10 000 and 50 000)
Fonds;IDFA Pro;Bertha Fund Europe;Pays-Bas;Amsterdam;14/11/2025;;x;;;Doc;Feature-length;;10/06/2025;https://professionals.idfa.nl/training-funding/funding/ibf-classic/;Doculgbt;Submit by a  global south filmmaker , up to 7500€
Fonds;IDFA Pro;Bertha Fund Europe;Pays-Bas;Amsterdam;14/11/2025;;x;x;x;Doc;Feature-length;;10/06/2025;https://professionals.idfa.nl/training-funding/funding/ibf-classic/;Doculgbt;Global south documentary over 60 min, Global south Producer has to be the main producer, up to 25000€
Fonds;itvs;Diversity Featured;USA;;;;;;x;Doc;Tous;;02/06/2025;https://itvs.org/funding/;;BIPOC director, International fund, USA co-producer, up to 400,000$
Fonds;Cinéma de la francophonie OIF;;Afrique;;01/06/2025;;x;;;Tous;Tous;;01/06/2025;https://www.imagesfrancophones.org/soutiens/fonds-image-de-la-francophonie/presentation;Ghana?;Fonds projets avec un producteur des pays d'afrique francophone POSTULER LE 1er JOUR https://www.imagesfrancophones.org/soutiens/Fonds-image-de-la-francophonie/modalites
Fonds;Cinéma de la francophonie OIF;Bonus ACP;Afrique;;01/06/2025;;x;x;x;Tous;Tous;;01/06/2025;https://www.imagesfrancophones.org/clap-acp/presentation;;Fonds projets avec un producteur des pays d'afrique francophone POSTULER LE 1er JOUR  Bénin, Burkina Faso, Burundi, Cap-Vert, Cameroun, Congo Brazzaville, Congo RDC, Côte d’Ivoire, Djibouti, Gabon, Guinée, Iles Comores et Ile Maurice, Madagascar, Mali, Mauritanie, Niger, République Centrafricaine, Rwanda, Sénégal, Les Seychelles, Tchad, Togo ainsi que d’Haïti AVEC un Coproducteur d'un autre pays d'afrique non mentionné
Fonds;ida;Pare Laurentz Film Fund;USA;New York;;;;x;;Doc;Feature-length;01/05/2025;01/06/2025;https://www.documentary.org/funding;Akshat, Praveen;25 000€ Grant for documentary on Social and gender justice. Developpment fulfilled but need for money for one part of the production
Festival;RIGA IFF;;Latvia;Riga;24/10/2025;;;;;Tous;Feature;;31/05/2025;https://filmfreeway.com/AFRIFF;;International Feature
Program;The Craft Institute;Writers retrat;USA;;20/09/2025;x;;;;Fiction;Ciné & TV;;20/05/2025;https://www.thecraftinstitute.org/writers-retreat;Nuusiku;   International blacks screenwriters in english, 120 pages for Feature,  65 pages for 1 Hour Pilot , 35 pages for Half Hour Pilot 
Fonds;SSFILM ;Rainin Grant;USA;San Francisco;01/10/2025;x;x;;x;Fiction;Feature-length;04/03/2025;16/05/2025;https://sffilm.org/rainin-grant/;Nuusiku;International filmmakers, 25 000$, film less than 3M$,  gender and social justice
Fonds;SSFILM ;Rainin Grant;USA;San Francisco;01/10/2025;x;x;;;Fiction;Feature-length;04/03/2025;16/05/2025;https://sffilm.org/sloan-science-in-cinema-filmmaker-fellowship/;Nuusiku;International filmmakers ???, 25 000$, film less than 3M$,  gender and social justice
Festival;Busan IFF;Asian Project Market;Korea;Busan;20/09/2025;;x;x;;Tous;Feature-length;;15/05/2025;https://apm.biff.kr/eng/artyboard/mboard.asp?Action=view&strBoardID=9638_02&intSeq=96330;;International, Asian Market preferences
Fonds;Goethe Institute;International Coproduction Fund;Deutschland;;;;;;;Tous;Tous;;15/05/2025;https://www.goethe.de/en/kul/foe/int.html;;Worldide project with Performing art (not only a movie) Music, Choregraphy, 
Festival;HongKong Lesbian & Gay FF;;HongKong;HongKong;06/09/2025;;;;;Tous;CM;;02/05/2025;https://filmfreeway.com/HongKongLGFF;;Worlwide projects less than 30min, LGBT
Program;Ouaga Film Lab;Atelier Grand Bassam;;;01/12/2025;x;x;;;;;;01/05/2025;https://ouagafilmlab.net/;Nuusiku;African lab for writing developping projects
Festival;the gotham;Spotlight on Documentaries;USA;;01/05/2025;;;;x;;Feature-length;;01/05/2025;https://thegotham.org/gotham-week/project-market/slate-2024/;;Filmés aux USA
Program;Aflamuna;Connection;Liban;Beirut;;x;x;x;x;Tous;Feature-Length;;30/04/2025;https://aflamuna.org/calls/aflamuna-connection-edition-9/;;Réalisateur dumonde arabe, communautés sous représentées.
Program;Dhakla ;Doclab;Bangladesh;Dakha;03/08/2025;x;x;x;x;Doc;Tous;;30/04/2025;https://www.dhakadoclab.org/application-guidelines/;;Asian documentary filmmakers, lab to improve quality of a documentary. Some little prizes, mentorship, special women mentorhip program, the impact lab is only for bangladeshi filmmakers
Festival;beyondborders;;Greece;Kaztellorizo;25/08/2025;;;;;Doc;Tous;;30/04/2025;https://beyondborders.gr/news/call-for-film-submissions-to-the-10th-beyond-borders/;;Documentaries about borders (1sts movies for shorts)
Fonds;From the heart;Roy W.Dean Short Film Grant;USA;;;x;x;x;x;Fiction;CM;01/03/2025;29/04/2025;https://form.jotform.com/From_the_Heart/roy-w-dean-short-film-grant;Nuusiku, Doculgbt;International LGBTQI+ and Queer projects with budget less than 50 000$, $3 000 grant + advantages, under 40min movies
Fonds;docsbythesea;;Indonesia;Bali;;;;x;x;Doc;Tous;03/03/2025;24/04/2025;https://form.jotform.com/241302786807459;Bathe, akshat;climate crisis, inclusivity, social justice, gender issues, human rights, international filmmakers from some south east countries linked with ocean, with images is better. India, Chiana, Afghanistan, Japan,
Program;pustnik;Residence;Romania;;09/09/2025;x;;;;Fiction;Feature-length;;19/04/2025;https://www.pustnik.com/apply;;1st Movie for director or 1 movie for screenwriter with 1 cowritten movie max, with 1 short movie selected in the best festivals
Festival;YAMAGATA;Comptetition;Japon;Yamagata;09/10/2025;;;;;Doc;;;15/04/2025;https://www.yidff.jp/2025/entry/25entry-e.html;;International
Festival;Get it Made ;Script competition;UK;;;x;;;;Fiction;CM;;12/04/2025;https://filmfreeway.com/AFRIFF;;Contest for international screenwriters to find a producer
Fonds;Catapult Film Fund;Rough Cut;USA;Minnesota;23/07/2024;;;;x;Doc;;;11/04/2025;https://catapultfilmfund.org/rough-cut-retreat/;;Rough-cut residence for international docs
Fonds;Ford Foundation;JustFilms;USA;;01/09/2025;;x;x;x;Doc;Feature-length;;10/04/2025;https://www.fordfoundation.org/work/our-grants/justfilms/justfilms-application/;Nadine;Fonds pour les artistes de communautés défavorisées dans le monde, Ayant un projet de documentaire de +50mins sur les thématiques de d'engagement, liberté d'expression, droits des handis, remise en question des formes de travail, Genre, Races, Gouvernances mondiales (total, OIF, mineraux, guerres), Ressources naturelles, technologies résiliantes,   Se focus sur les territoires où il y a déjà des Bureaux de la ford foundation
Program;La Ruche ;Résidence;France ;Gindou;;x;;;;Fiction;CM;;07/04/2025;https://www.gindoucinema.org/index.php/residences-d-ecriture/residence-la-ruche/1005-ruche-gindou-2025.html;La sacoche, 20 A+Tard, Symbiopse ;Premier CM de fiction
Festival;Ecrans Noirs;;Cameroun;Yaoundé;20/09/2025;;;;;Tous;Tous;;05/04/2025;https://www.ecransnoirs.org/;;African Director
Fonds;Arab Fund for Film and Culture;Cinema;MENA;;;x;x;x;x;Doc;Tous;01/02/2025;04/04/2025;https://www.arabculturefund.org/Programs/7;;MENA Filmmakers, shorts (prod and post prod, 20 000 & 10 000) and Features (dev, prod, post-prod bet 10 000 and 50 000)
Fonds;Creative Capital;;USA;NY;;;x;x;;Tous;Tous;;03/04/2025;https://creative-capital.org/about-the-creative-capital-award/;;Director + 25 Year old, US citizen, permanent legal resident, O-1 visa holder, or Tribal ID holder
Fonds;Jerome Foundation;Dev;USA;Minnesota;20/10/2025;x;x;;;Tous;Tous;;03/04/2025;https://www.jeromefdn.org/minnesota-filmmaker-mentorship;;Minnesota Director, Mentorship and fund up to 10000$
Festival;BLACKSTAR;Pitch;USA;Philadelphia;31/07/2025;;x;x;x;Doc;CM;;02/04/2025;https://www.blackstarfest.org/festival/pitch/;;Short Nonfiction, Prize 75000$, Pitch competitionn US resident
Fonds;Shore Scripts;Short Film Fund;USA;;;;x;;x;Fiction;CM;15/01/2025;02/04/2025;https://www.shorescripts.com/shortfilmfund/;;International short movie production competition 15 000$ production, 4 000 finishing 
Fonds;Shore Scripts;Script Competition;USA;;;x;x;;;Fiction;Feature-length;15/01/2025;02/04/2025;https://www.shorescripts.com/shortfilmfund/;;International script competition
Festival;AGLIFF / Prism;Queer Black Voices;USA;Austin;20/09/2025;;;;;;Tous;;01/04/2025;https://www.agliff.org/;;LGBTQI+ movies
Festival;BLACKSTAR;Competition;USA;Philadelphia;31/07/2025;;;;;Tous;Tous;;01/04/2025;https://www.blackstarfest.org/festival/submissions/;;Black director, African Topics,
Festival;FIDMarseille;;France;Marseille;08/07/2025;;;;;;Feature-length;;31/03/2025;https://fidmarseille.org/;;Ecritures singulières, international
Fonds;mama cahs;Resilience fund;Netherlands;;;;x;x;x;Doc;Tous;03/03/2025;31/03/2025;https://www.mamacash.org/apply-for-a-grant/;;Women directors on women topics, global south mainly (1 film granted only before) +- 35000€ 
Festival;Brussels IFF;;Belgium;Brussel;20/06/2025;;;;;Fiction;Feature-length;;31/03/2025;https://briff.be/inscrire-un-film/;;International filmmakers
Festival;GAZE;LGBT;Irelande;Dublin;31/07/2025;;;;;Tous;Tous;;30/03/2025;https://www.gaze.ie/;;LGBTQ+ Festival
Fonds;Jerome Foundation;Production;USA;Minnesota;13/11/2025;;;x;;Tous;Tous;;28/03/2025;https://www.jeromefdn.org/minnesota-film-production-grant;;Minnesota AND NewYork City Director, Mentorship and fund up to 30000$
Festival;Brussels IFF;Co-pro Market;Belgium;Brussel;20/06/2025;;x;x;;Fiction;Feature-length;;24/03/2025;https://briff.be/2025/03/18/brussels-copromarket-call-for-projects/;;Gap financing European projects and early career producers
Festival;Brussels IFF;Pitch;Belgium;Brussel;20/06/2025;;x;x;;Fiction;Feature-length;;24/03/2025;https://briff.be/professionnels/pitch/;;Belgian filmmakers
Festival;Outshine;;USA;;17/04/2025;;;;;Tous;Feature-length;08/01/2025;20/03/2025;https://outshinefilm.com/film-entry;;Festival LGBT
Fonds;Hubert Bals ;Dev;Netherlands;Rotterdam;28/01/2025;x;x;;;Doc;Feature-length;;13/03/2025;https://iffr.com/en/hubert-bals-fund/hbf-practical-info-deadlines;Nuusiku;Feature Length over 60min, up to 10 000€ fund, the Director of Producer from Global south have to apply. Only possible if the project has not been selected to another lab
Program;IFFR ;Development Support;Netherlands;Rotterdam;;x;;;;Doc;Feature-length;;13/03/2025;https://www.kqff.co.kr/english/?q=YToxOntzOjEyOiJrZXl3b3JkX3R5cGUiO3M6MzoiYWxsIjt9&bmode=view&idx=147847280&t=board;;Global South director, 10 000 for dev, must have found lesse than 25% of the budget, , early dev with less than 2 selectives subventions, 
Festival;Korean Queer Festival;Corée;Korea;Seoul;30/06/2025;;;;;;;;09/03/2025;https://www.kqff.co.kr/english/?q=YToxOntzOjEyOiJrZXl3b3JkX3R5cGUiO3M6MzoiYWxsIjt9&bmode=view&idx=147847280&t=board;;International LGBTQI+ movies
Program;Realness Institute;African Screenwriters Residency;South Africa;;03/08/2025;x;;;;Fiction;Feature-length;;07/03/2025;https://www.kqff.co.kr/english/?q=YToxOntzOjEyOiJrZXl3b3JkX3R5cGUiO3M6MzoiYWxsIjt9&bmode=view&idx=147847280&t=board;Nuusiku;Residency for African screenwriters and diaspora, an edition exists for serials
Festival;TIFF;Competition;Canada;Toronto;10/03/2025;;;;;;Feature-length;;06/03/2025;https://www.tiff.net/industry-writers-studio?mc_cid=e3a5ecc166https://www.wfcn.co/festival/toronto-tiff;;
Festival;Sarajevo FF;Co-pro Market;Bosnie;Sarajevo;15/08/2025;;x;;;;Feature-length;;28/02/2025;https://www.sff.ba/novost/12454/call-for-entries-cinelink-co-production-market-2025-at-sarajevo-film-festivals-cinelink-industry-days;;
Fonds;Visions sud est;;Suisse;Nyon;;;;x;x;;Feature-length;;28/02/2025;https://www.visionssudest.ch/how-to-apply;;"Différents pays du ""sud"", 30% budget fulfilled, Proposé par le producteur du pays d'origine. In english, réponses en juin"
Fonds;Berlinale ;World Cinema Fund;Germany;Berlin;;;;x;x;Tous;Feature-length;;27/02/2025;https://www.berlinale.de/en/wcf/funding-programmes/production-support/all-programmes.html;;Competition Internationale Premiere, Panorama European premiere, Normal = Producteur Allemand, Europe = Producteur Européen, film less than 1.400 000€, 60 000€for prod and 40 000€for post prod
Festival;Encounters;;South Africa;;19/06/2025;;;;;Doc;Feature-length;;24/02/2025;https://encounters.co.za/documentary-submission-rules/;;Best South African Film / Best International Film
Programm;NIPKOW;;Germany;Berlin;01/06/2025;;x;;;Feature;;;17/02/2025;https://nipkow.de/application;;2nd Movie at least or Major Festivals of short 
Fonds;Catapult Film Fund;Devlopment;USA;Minnesota;;;x;;;Doc;;;12/02/2025;https://catapultfilmfund.org/how-to-apply/development/guidelines-and-eligibility/;;International fund 25000USD for dev for Artful docs, US Director
;CPH:FORUM;;Danemark;Copenhague;;;x;x;;Doc;Feature-length;;12/02/2025;https://cphdox.dk/cphforum/;;
;CPH:ROUGHTCUP;;Danemark;Copenhague;23/03/2025;;;;x;Doc;Feature-length;;12/02/2025;https://cphdox.dk/cphroughcut/;;Project profile: creative and visually strong documentary projects with international potential intended for theatrical release, TV broadcasting, or other platforms, or those aiming for a premiere at a top film festival. Production Stage: at least 80% of the material already shot.
Festival;Alaka Film Lab;;Cameroun;;01/06/2025;;x;x;;Tous;Tous;;07/02/2025;https://cd.ambafrance.org/Le-Alaka-Film-Lab-revient-en-2025-Appel-a-projets-pour-l-Afrique-Centrale;;Présentations de projets des Pays d'afrique Centrales
Fonds;RedSea;;Arabie Saoudite;Djeddah;05/12/2025;;x;x;x;;Feature-length;;06/02/2025;https://redseafilmfest.com/en/red-sea-fund-2/;;Monde arabe et diaspora, MENA, Afrique, 
Festival;Inside Out;LGBT International Finance Forum;Canada;Toronto;29/05/2025;;x;;;Fiction;Feature-length;;31/01/2025;https://www.insideout.ca/film-finance-forum/;Nuusiku;Festival de Pitch pour projets LGBT internationaux de +2,5M
Festival;TIFF;Writer's studio;Canada;Toronto;14/03/2025;;x;;;;Feature-length;;30/01/2025;https://www.tiff.net/industry-writers-studio?mc_cid=e3a5ecc166;;International Screen writers already credited for 1 feature or 1 serial, have to send a 1 draft of the script ! Special attention to women subsciptions and for science & technology projects !
Fonds;Prince Claus Fundation;;Netherlands;;;x;x;;;Tous;Tous;;21/01/2025;https://princeclausfund.nl/awards-and-programmes/seed-award/2025-call-for-applications;Nuusiku;Global South Artist, grant to develop a project, up to 5000€
Festival;Sofia meetings;WIP;Bulgarie;Sofia;13/03/2025;;x;;x;;Cine & TV;;15/01/2025;https://sofiameetings.siff.bg/en/articles/open-call-for-projects-and-works-in-progress-2025;;International
Festival;PARISDOC;WIP;France;Paris;26/03/2025;;;;x;Doc; Cine & TV;;13/01/2025;https://www.cinemadureel.org/inscrire-un-film-a-parisdoc-works-in-progress-2/;;Postproduction sans distributeurs ou tv
Fonds;Doha Film Institue;;Qatar;;;;x;x;x;;Cine & TV;;05/01/2025;https://www.dohafilminstitute.com/newsletter/FeatureFilmsGuideline-Spring2025.pdf;;Budget - 2,2Millions USD  - MENA Directors & Non-Mena 1st or 2nd film for post prod
Fonds;Cinéma de la francophonie OIF;;Afrique;;01/01/2025;;x;;;Tous;Tous;;01/01/2025;https://www.imagesfrancophones.org/soutiens/fonds-image-de-la-francophonie/presentation;;Fonds projets avec un producteur des pays d'afrique francophone POSTULER LE 1er JOUR https://www.imagesfrancophones.org/soutiens/Fonds-image-de-la-francophonie/modalites
Fonds;Jordanian Film Fund;Post-production;Jordanie;;;;;;x;;Feature-length;;janv-25;https://rfc.completechaintech.com/the-jordan-film-fund;;Réal jordanien ou ayant vécu en jordanie
Fonds;Jordanian Film Fund;Distrib;Jordanie;;;;;;x;;Feature-length;;janv-25;https://rfc.completechaintech.com/the-jordan-film-fund;;Réal jordanien ou ayant vécu en jordanie
Fonds;African Culture Fund;FUSA;Mali;;;;x;x;x;Tous;Tous;;31/12/2024;https://www.africanculturefund.net/appels-a-projets/;;Fonds d'Urgence pour les Artistes Maliens
Fonds;African Culture Fund;FUSA;Mali;Ségou;;;x;x;x;Tous;Tous;;31/12/2024;https://www.africanculturefund.net/programme-lewo-africa/;;Programme de powership pour femmes africaines
Festival;HKIFF;;HongKong;;10/04/2025;;;;;;Feature-length;;31/12/2024;https://www.hkiff.org.hk/upload/49_hkiff_entry_form_en.pdf;;
Festival;Valence Scénario;;France;Valence;02/06/2025;;x;;;;Feature-length;;27/12/2024;https://www.scenarioaulongcourt.com/;;
;Film independant;Documentary Lab;;;;;;;x;Doc;Feature-length;;16/12/2024;https://www.filmindependent.org/programs/artist-development/documentary-lab/;;
Festival;HKIFF;;HongKong;;10/04/2025;;;;X;;Feature-length;;16/12/2024;https://www.hkiff.org.hk/society/CallForEntries/;;" A video clip of a scene (or scenes) of the project (about 10 mins each, only accepts video clips available on online streaming platforms. Please include up to three links to your video in the submission form. The link(s) has to be valid until 31 March 2025. Please provide the password if the link(s) is protected)  Full Script (in electronic format ONLY);Storyboard/ Visual Reference/ Character Design/ Mood Board (only applicable to animation projects); and Submission fee.
"
Festival;Festival  de Films Tessaloniques de grece;Agora Docs in Progress;Grece;;08/03/2025;;;x;;Doc;Feature-length;;13/12/2024;https://www.filmfestival.gr/en/professionals/tidf-agora/26384-agora-docs-in-progress;;Docus from Meditterranea
Festival;Visions du réel;Rough Cut Lab;Suisse;Nyon;04/04/2025;;;;x;Doc;Feature-length;;13/12/2024;https://www.visionsdureel.ch/en/vdr-industry/vdr-rough-cut-lab/;;International
Festival;Visions du réel;Pitch session;Suisse;Nyon;04/04/2025;;;;x;Doc;Feature-length;;13/12/2024;httphttps://www.visionsdureel.ch/en/vdr-industry/vdr-pitching/;;Jamais pitché avant
Festival;Visions du réel;Work In Progress ;Suisse;Nyon;04/04/2025;;;;x;Doc;Feature-length;;13/12/2024;https://www.visionsdureel.ch/en/vdr-industry/vdr-work-in-progress/;;10 minutes du film !
;IDFA Pro;Bertha Fund;Pays-Bas;Amsterdam;14/11/2025;;x;x;x;Doc;;;10/12/2024;https://professionals.idfa.nl/training-funding/funding/ibf-classic/;;European, US, Australian producers cannot be the main one
Festival;Torino;;Italie;Turin;;;;;x;;Feature-length;;03/12/2024;https://torinofilmlab.it/labs/featurelab/featurelab-2025;;1st and 2nd movies
Fonds;HongKong Film Development Council;HK-EU-Asian;;;;;x;x;;Feature;Feature-length;;22/11/2024;https://www.fdc.gov.hk/en/applications_detail.php?id=2024020109022664697;;HK Director or Screenwriter or Producer And one from European or asian country with a International Prize as Best Director, Screenwriter. 6 Honkongais en chefs de poste ou acteurs, 30% de dépenses à HK 
Program;Le Groupe Ouest;Résidence;;;27/04/2025;x;;;;Tous;Tous;;22/11/2024;https://www.legroupeouest.com/workshops-en-residence/;;
Festival;Entrevue;Compétition LM;France;Belfort;18/11/2024;;;;;;Feature-length;;18/11/2024;https://www.festival-entrevues.com/;;Films internationaux
Festival;Entrevue;Compétition CM;France;Belfort;18/11/2024;;;;;;CM;;18/11/2024;https://www.festival-entrevues.com/;;Films internationaux en dessous de 60 min
Program;NEF Francophone Animation ;Résidence;Maroc;;28/04/2025;x;;;;Tous;Tous;;14/11/2024;https://nefanimation.fr/residences/la-residence-francophone-decriture-de-meknes/;;"Parité pays du nord/ Pays du sud; Films d'animation "
Program;Le Groupe Ouest;Résidence Less Is More;;;27/04/2025;x;;;;Tous;Tous;01/09/2025;11/10/2024;https://www.legroupeouest.com/actualites/lim-call-for-projects/;;European filmmakers/screenwriters, in english
Festival;Entrevue;Films en cours;France;Belfort;18/11/2024;;;;x;;Feature-length;;04/10/2024;https://www.festival-entrevues.com/fr/reglement-films-en-cours;;1ers, 2e, 3e films Internationaux en fin de post prod
;Berlinale;Co-production;Deutschland;Berlin;;;x;x;;;Feature-length;;18/09/2024;https://www.efm-berlinale.de/en/copro-market/participation/participation.html;;30% du budget Fullfilled, 
Festival;Film independant;;;;22/02/2025;;;;;;Feature-length;;03/09/2024;https://www.filmindependent.org/spirit-awards/submissions/;;
Fonds;MAWRED;Production Award;Liban;Beyrouth;31/10/2024;;x;x;;;;;14/08/2024;https://mawred.org/artistic-creativity/production-awards/?lang=en;;Projets du monde Arabe, Porteur de projet de - de 35 ans, from an Arab country, Human Rights focus, 13 000€, application in arab
Résidence;Rencontres OFF;Talents courts;France ;Normandie;07/09/2024;;x;;;;CM;;11/08/2024;https://docs.google.com/forms/d/e/1FAIpQLSe3Gn9xqVxAMw84F8pD8v9ZE31MDfb44joeaSbmI6lTOCMx4Q/viewform;;Auteur non professionnel ayant déjà réalisé un CM non pro
Festival;Thailand Internationl LGBTQI+ Film and TV;;Thaïlande;Bangkok;01/09/2024;;;;;Tous;LM & CM;;01/07/2024;https://filmfreeway.com/TILFF;;LGBTQI+ movies
;CPH:LAB;;Danemark;Copenhague;;;x;x;;Doc;Feature-length;;21/06/2024;https://cphdox.dk/lab-rules-regulations/;;
Festival;Rencontres OFF;;France ;Trouville;07/09/2024;;;;;;CM;;12/06/2024;https://off-courts.com/videotheque/;;
Festival;Adelaide;;South Australia;;22/10/2024;;;;x;;Feature-length;;03/06/2024;https://www.adelaidefilmfestival.org/program?listing-type=grid&sort=Date;;Australian talents
Festival;EIFF;;Ecosse;Edinburgh;15/08/2025;;;;;;Feature-length;;19/04/2024;https://filmfreeway.com/AFRIFF;;Roughcuts acceptés mais pas pour la projection, c'est pas un festival WIP
;ArabeFundCulture;;Jordanie;Amman;;;x;x;x;Doc;Feature-length;;15/04/2024;https://www.arabculturefund.org/Programs/12;;Arab et diaspora (langue arabe principalement)
Festival;Dance on camera;Production Grants;;;;;x;x;;;;;09/04/2024;https://www.dancefilms.org/production-grants;;Films de dance, être membre de l'asso
Fonds;Komboa Grants;;Afrique;;02/04/2024;;x;x;x;;Tous;;02/04/2024;https://awdf.org/fr/appels-a-propositions-ouvert-kasa-et-komboa/;;Femmes africaines, non binaires, projets sur l'égalité des genres, l'organisation porteuse (boite de prod africaine ou asso de la réal) doit avoir des valeurs d'égalité des genres
Festival;Kashish QDrishti Film Grant;;India;;04/06/2024;;;;;Tous;Tous;;31/03/2024;https://mumbaiqueerfest.com/kashish-qdrishti-filmgrant2024/;;LGBT Indian Filmmaker, prix de 3000€
Festival;Torino;Co-production;Italie;Turin;;;x;;;;Feature-length;;13/03/2024;https://torinofilmlab.it/labs/featurelab/featurelab-2025;;International films, fund to help production of movie ready to be shot
Festival;Cinema at Sea;;;;27/02/2025;;x;x;;;;;12/01/2024;https://www.cinema-at-sea.com/en/industry/projects/pitching;;Australia, Brunei, Cambodia, Canada, Chile, Cook Islands, Costa Rica, Colombia, People's Republic of China, Ecuador, El Salvador, Fiji, Guatemala, Honduras, Hong Kong, Indonesia, Japan, Kiribati, Republic of Korea, Malaysia, Marshall Islands, Mexico, Micronesia, Nauru, New Zealand, Nicaragua, Niue,North Korea, Palau, Panamá, Papua New Guinea, Peru, the Philippines, the Russian Federation, Samoa, Singapore, Solomon Islands, Taiwan, Thailand, Timor-Leste, Tonga, Tuvalu, the United States of America, Vanuatu, Vietnam 
Program;1497;Features Lab;USA;Malibu;;x;x;;;Fiction;Feature-length;01/05/2025;;https://1497.org/featureslab;;Afghanistan, Bangladesh, Bhutan, India, Maldives, Nepal, Pakistan, and Sri Lanka directors for representing themesleves or their history, writing retreat
Fonds;AJ Fundation For peace + Justice;Rapid response Grant;USA;;;x;x;x;x;Tous;Tous;;;https://ajmuste.org/civicrm/rr/application1;;USA Independant Films, 5000$/10000$ Grants, non violent activism and justice liberation, projects undeur 250 000$
Fonds;Arcus Foundation;Social Justice;;;;;x;;;;Tous;;;https://www.arcusfoundation.org/apply-for-a-grant/social-justice-program/;;LGBTQI+ movies from America (Mexico, Guyana, Guatemala, Few US States) & Africa (Uganda, Kenya, Malawi, Botsawana, South Africa)
Fonds;BFI Network;More films for freedom;UK;London;;;x;x;x;Tous;CM;;;https://www.bfi.org.uk/get-funding-support/bfi-network/bfi-network-funding-finder/bfi-network-more-films-freedom;;LGBTQI+ Contents, Collaboration between UK and Africa or MENA filmmakers, 25000£ for 3 projects, UK producer & Africa or Mena Producer
Fonds;Britdoc;Journalism Fund;;;;;x;x;;Doc;Feature-length;;;https://www.fundsforngos.org/funding-schemes/britdoc-fund-to-support-documentary-films/;;Money and help to protect investigators
Fonds;Britdoc;Connect Fund;;;;;x;;;Doc;;;;https://filmfreeway.com/AFRIFF;;Not a production fund but outreach fund for visibility
Program;CAPEUSA;;USA;Los Angeles;02/02/2026;x;x;;;Fiction;Tous;;;https://www.capeusa.org/cnwf;;All Narrative games, animation from USA, help to improve quality and financial viability of a project ! Special look to asian american
Fonds;Catapult Film Fund;Research;USA;Minnesota;;;x;;;;Doc;;;https://www.catapultfilmfund.org/how-to-apply/;;10 000USD for US Director Non-fiction Project 
Festival;Chéries chéris;;France ;Paris;15/11/2024;;;;;Tous;Tous;;;https://cheries-cheris.com/festival/;;Festival LGBT
Fonds;CNC;Cinéma du Monde;France ;Paris;;;x;;;Tous;Feature-length;;;https://www.cnc.fr/professionnels/aides-et-financements/multi-sectoriel/production/aide-aux-cinemas-du-monde_190862;;Coproduction Internationale
Fonds;Doc Society;;UK;London;;;x;x;;Doc;Feature-length;;;https://bfi.docsociety.org/bfi-doc-features/;;UK filmmaker Documentary
Fonds;Doc Society;;UK;London;;;x;x;;Doc;CM;;;https://bfi.docsociety.org/bfi-doc-shorts/;;UK filmmaker Documentary
Festival;Durban Film Mart;Jumpstart;South Africa;Durban;18/07/2024;;x;;;Fiction;Feature-length;;;https://durbanfilmmart.co.za/jumpstart-application/;Nuusiku;African Director
Festival;escales documentaires;;France ;La Rochelle;06/11/2024;;;;;Doc;Ciné & TV;;;https://www.escalesdocumentaires.org/contact/;;
Festival;FESPACO;Les ateliers Yennenga Coproduction;Burkina Faso;Ouagadougou;22/02/2024;;x;;;Fiction;Feature-length;;;https://fespaco.bf/fespaco-pro/les-ateliers-yennenga/;Nuusiku;African Director
Festival;FIFIB;;France;Bordeaux;08/10/2024;;;;X;;Feature-length;;;https://filmfreeway.com/AFRIFF;;Prod/Films Indépendants
Fonds;Film Indepandant;;USA;;;;x;x;x;Tous;Feature-length;;;https://www.filmindependent.org/programs/grants-and-awards/;;American Filmmakers, lot of monney ! during all the year
Festival;FIPADOC;;;;29/01/2025;;;;;Doc;TV;;;https://filmfreeway.com/AFRIFF;;
Festival;Frameline;LGBT;USA;San Francisco;14/06/2025;;;;x;Tous;Tous;;;https://www.frameline.org/films/year-round/frameline47-san-francisco-lgbtq-film-festival;;LGBTQ+ Festival, à chechker le WIP
Diffuseur;Global Doc 2024;;France;;01/10/2024;;x;;;;;;;https://www.francetelevisions.fr/groupe/espace-pro/projets-documentaires-achats-et-copro-inter-appel-a-projets-science-30666;;
Festival;GoldenHorse;;Taiwan;Taipei;18/11/2024;;;;;;Feature-length;;;https://www.goldenhorse.org.tw/?r=en;;Chinese language
Festival;GoldenHorse;;Taiwan;Taipei;18/11/2024;;;;x;;Feature-length;;;https://www.goldenhorse.org.tw/?r=en;;"
    Full-length (60 minutes or more) feature film, documentary or animation project aiming for theatrical or online streaming service release., The project is filmed in Chinese, or attached with Ethnic Chinese Director/Producer or shot on location in Taiwan. with a production company, producer, and director , at any stage of pre-production at time of entry. The project completed before the 2024 FPP is not eligible. (For projects that are in progress before June, 2024, please see submission guidelines for the WIP section). The attached director, producer/executive producer MUST be able to attend the FPP 2024 events thoroughly. The project director can only submit a FPP project and a WIP project at one time.  Each Executive Producer can only be attached to 2 submitted projects at most. (For example, 1 FPP project AND 1 WIP project; 2 FPP projects OR 2 WIP projects.)  Projects that have not been selected for other project markets and pitching platforms for the current year will be given priority consideration."
Festival;Göteborg Film Market;;Suède;Göteburg;24/01/2025;;;;x;;Feature-length;;;https://goteborgfilmfestival.se/en/industry/nordic-film-market/nordic-film-market;;Films Nordics
Région;Grand Est;Court-métrage;;;;;;x;;;CM;;;https://www.grandest.fr/vos-aides-regionales/production-courts-metrages/;;2 commissions, 1er film pro, grand est, réal grand est, prod de la région, pour le genre une commission spéciale
Région;Grand Est;Aide à l'écriture, dev et prod du cinéma de genre;;;;;;x;;;Ciné & TV;;;https://www.grandest.fr/vos-aides-regionales/production-courts-metrages/;;15 Juin, accepte les CM de genre. 1er soutien demander pour les longs, 160% de dépenses sur le territoire
Festival;Hanoi International Queer Film Week;;Vietnam;Hanoi;27/10/2025;;;;;Fiction;Feature-length;;;https://www.hiqfw.com/about-6;;International LGBT Festival
Fonds;HongKong Film Development Council;First Feature Initiative;HongKong;;;;x;x;;Feature;Feature-length;;;https://www.fdc.gov.hk/en/applications_detail.php?id=2022042210252142851;;HK DIrector AND Producers, HK living screenwriter
;IDFA;;Pays-Bas;Amsterdam;14/11/2025;;x;x;x;Doc;;;;https://professionals.idfa.nl/training-funding/funding/ibf-classic/;;European, US, Australian producers cannot be the main one
Fonds;IFFR;Hubert Balls Fund;;Rotterdam;30/01/2025;;x;;;;Feature-length;;;https://iffr.com/en/hubert-bals-fund;;
;Institut Français - Ile maurice;;Ile Maurice;;;;;;;;;;;https://www.institutfrancais.mu/fr/cooperation;;
Fonds;Jeune Création Francophone;;Afrique;;;;x;x;x;Tous;Tous;;;https://jeunecreationfrancophone.org/;;2eme film maximum, Bénin, Burkina Faso, Burundi, Cap-Vert, Cameroun, Congo Brazzaville, Congo RDC, Côte d’Ivoire, Djibouti, Gabon, Guinée, Iles Comores et Ile Maurice, Madagascar, Mali, Mauritanie, Niger, République Centrafricaine, Rwanda, Sénégal, Les Seychelles, Tchad, Togo ainsi que d’Haïti.
Fonds;Journalism Fund Europe;;;;;;x;x;;Doc;;;;https://www.journalismfund.eu/european-cross-border-grants;;To pay european journalists, crossborder investigation
;Journées de Soleure;;Suisse;;22/01/2025;;;;;;Feature-length;;;https://filmfreeway.com/AFRIFF;;
Program;La Ruche Documentaire;Résidence;France ;;;x;;;;Doc;Tous;;;http://www.fidadoc.org/la-ruche;;
Fonds;LEF Foundation;;USA;New England;;x;x;x;x;Doc;Tous;;;https://lef-foundation.org/moving-image-fund/how-to-apply/;;Connecticut, Rhode Island, Massachusetts, New Hampshire, Vermont, or Maine Director or Producer
Festival;Les rencontres cinématographiques de l'ARP;;France ;Le Touquet;06/11/2024;;;;;;Ciné & TV;;;https://rc.larp.fr/;;
Festival;Mardi Gras;;Australie;;13/02/2025;;;;;;Feature-length;;;https://filmfreeway.com/AFRIFF;;LGBT
Festival;Mardi Gras;Pïtch;Australie;;13/02/2025;;;;;;Feature-length;;;https://filmfreeway.com/AFRIFF;;LGBT & Australian Author
;Ministère de la culture;Valorisation des langues de france;France;;;;x;x;x;;;;;https://www.culture.gouv.fr/catalogue-des-demarches-et-subventions/subvention/valorisation-des-langues-de-france;;Langues régionales sur territoire français !
Fonds;Nafasi;Art space ;Tanzanie;;;x;x;;;;;;;https://www.nafasiartspace.org/about/;;Tanzanian artists (including film)
Fonds;National Art Council of Namibia;;Namibia;;;x;x;x;x;Tous;Tous;;;https://artscouncilnam.org/;Nuusiku;Council for namibian artists
Festival;NEWFEST;;USA;LGBTQIA+;;;x;x;;Tous;Tous;;;https://newfest.org/festival-main/;;Aides au réalisateurs US, festival international
Fonds;Nordic Film & TV Fund;;;;;x;x;x;;Tous;Feature-length;;;https://coproducingwiththenordics.com/;;Movies from Denmark, Finland, Norway, Sweden
Fonds;Organisation Internationale de la Francophonie;;France;Paris ;;;;;;;;;;https://www.francophonie.org/appels-projets-candidatures-initiatives-1111;;
Fonds;Planet Romeo Fundation;;Netherlands;;;x;x;x;x;Tous;Tous;;;https://www.planetromeofoundation.org/apply/;Nuusiku;Global South LGBT Directors and goup of artists, up to 6000$ 
Festival;POFF;DCP Lab;Lettonie;Tallinn;15/11/2025;;;;x;;Feature-length;;;https://poff.ee/en/about/digital-cinema-lab-services/;;Postprod finie, aide aux soustitres, mastering,
Festival;POFF;WIP;Lettonie;Tallinn;15/11/2025;;;;x;;Feature-length;;;https://industry.poff.ee/about/works-in-progress/;;
Festival;POFF;Co-production;Lettonie;Tallinn;15/11/2025;;;;;;Feature-length;;;https://industry.poff.ee/about/works-in-progress/;;
Festival;Queer Lisboa;;Portugal;Lisboa;19/09/2025;;;;;Tous;Tous;;;https://queerlisboa.pt/en;;
Program;Queer Witers Club;;USA;Chicago;;x;;;;Fiction;Tous;;;https://chicagofilmmakers.org/upcoming-screenings-and-events/queerwritersclub;Nuusiku;Monthly International LGBT online writing sessions
Fonds;Queerscreen;;Australia;;;;;;x;Tous;Feature-length;;;https://queerscreen.org.au/filmmakers/queer-screen-film-fund/;;Up to 10 000$ for Australian Filmmakers
Festival;Reeling Film Fest;;USA;Chicago;;;;;;Tous;Tous;;;https://reelingfilmfest.org/;;LGBT Festival, 10 000€ best movie prize.
Subvention;Région;Réunion;France;;;;x;x;;;;;;https://regionreunion.com/aides-services/audiovisuel/article/audiovisuel-cinema-et-jeux-video;;Avoir un lien avec l'ile de la réunion
Festival;Roze Filmdagen;;Netherlands;;19/03/2025;;;;;Fiction;Feature-length;;;https://rozefilmdagen.nl/en;;LGBT festival, prix
Festival;Sans souci Festival of Dance Cinema;;USA;;09/08/2024;;;;;;;;;https://sanssoucifestival.org/call-for-entries/;;Films de dance 
Festival;Seatle Queer Festival;;USA;Seattle;12/10/2025;;;;;Fiction;Feature-length;;;https://filmfreeway.com/sqff;;LGBT International festival
Festival;Seoul LGBT Film Festival;;Corée;Seoul;07/11/2025;;;;;Fiction;Feature-length;;;https://en.sipff.kr/infoentryoffer;;LGBT International Festival
Festival;SGIFF;Film Fund;;;;;;;;;Feature-length;;;https://sgiff.com/sgiff-film-fund/;;South East Asia
Fonds;SGIFF;;Singapur;;;;x;;;Doc;;;;https://sgiff.com/sgiff-film-fund/;;Indonesia, Myanmar, Malaysia, Thailand, and the Philippines
Program ;Short to Feature;lab;USA;Malibu;;;;;x;;Feature-length;;;https://shorttofeature.com/apply/;;1er Long
Festival;Singapour;;;Singapour;28/11/2024;;x;;;;Feature-length;;;https://sgiff.com/sgiff-film-fund/;;South East Asia
Festival;SSIFF;Foro Co-production LATAM;Espagne;San Sebastian;23/09/2024;;x;;;;Feature-length;;;https://www.sansebastianfestival.com/2024/industria/co_production_forum/co_production_forum/1/21521/in;;20% Budget already fullfilled LATAM project or european if involvement of a Latin American producer, shooting locations, actors in the leading roles or subject in the script.
Festival;SSIFF;WIP Europa;Espagne;San Sebastian;23/09/2024;;;;x;;Feature-length;;;https://www.sansebastianfestival.com/2024/industria/wip_europa/wip_europa/1/21523/in;;Postproduction de films européens
Festival;SSIFF;WIP LATAM;Espagne;San Sebastian;23/09/2024;;;;x;;Feature-length;;;https://www.sansebastianfestival.com/2024/industria/wip_latam/wip_latam/1/21522/in;;Postproduction de films LATAM
Program;SUD Ecritures;Résidence;;;;x;;;;Tous;Tous;;;https://www.sudecriture.com/reglement.php;;Projets en langue française, les auteurs de premier ou deuxième long métrage issus d'Afrique sub-saharienne, des pays du Maghreb, et du Moyen-Orient (Egypte, Jordanie, Liban, Palestine et Syrie)
Festival;Sundance;;USA;;23/01/2025;;;;;;Feature-Lengh;;;https://festival.sundance.org/;;
Program;Sundance Institute;January Screenwriters Lab;USA;Sundance;;x;x;;;Fiction;Feature-length;;;https://www.sundance.org/programs/feature-film/;Nuusiku;International feature films, calls during all the year
Festival;SunnySideOfTheDoc;LatAm Content Meeting;;;;;;;;Doc;Feature-length;;;https://filmfreeway.com/AFRIFF;;
Festival;SunnySideOfTheDoc;Pitch;;;;;;;x;Doc;Feature-length;;;https://www.sunnysideofthedoc.com/register-for-sunny-side-of-the-doc/;;
Festival;SunnySideOfTheDoc;;;;23/06/2025;;;;;Doc;Feature-length;;;https://www.sunnysideofthedoc.com/register-for-sunny-side-of-the-doc/;;
Festival;Taiwan International Queer Film Festival;;Taiwan;Taipei;17/102025;;;;;;;;;https://filmfreeway.com/AFRIFF;;
Program;the gotham;U.S. Features;USA;;;;;;;;Feature-length;;;https://thegotham.org/gotham-week/project-market/slate-2024/;;USA filmmaker
Program;The Pitch;;UK;;25/09/2025;x;x;x;;Fiction;CM;07/05/2025;;https://www.enterthepitch.com/the-fund/timeline/;;UK Projects, One comedy and one drama winner, Pitching session inspired by the Bible ! Up to 35 000£ for production, expertise and help is given not only for the winner 
Fonds;The Whickers;Bourse;;;;;x;;;;;;;https://www.whickerawards.com/apply/bursary-schemes/;;Premier docu, pays du sud
Program;TREGOR;Résidence;France ;Trébeurden;01/10/2024;x;;;;Fiction;CM;;;https://www.tregorcinema.com/;;2 semaines à déterminer, si sélectionné, possiblilité partenariat Fonds JCF
Fonds;Ventana-Sur;Primer Corte Post-production;Argentine;;02/12/2025;;;;x;;Feature-length;;;https://www.ventana-sur.com/en/primer-corte-2-2/;;LATAM
Fonds;Ventana-Sur;Co-production;Argentine;;02/12/2025;;;;;;;;;https://www.ventana-sur.com/en/proyecta/;;LATAM
Festival;Visions du réel;;Suisse ;Nyon;04/04/2025;;;;;Doc;Ciné & TV;;;https://www.visionsdureel.ch/en/selection-committees/;;
Festival;Zanzibar Film Fest;;Zanzibar;Stone Town;06/07/2026;;;;;Tous;Tous;;;https://filmfreeway.com/AFRIFF;;Cinéma Africain
Program;Great Lakes Producers Lab;;East Africa;;;x;x;;;Tous;Feature-length;;;https://www.greatlakesproducerslab.com/applications;;Uganda, Kenya, Rwanda, Burundi, Tanzania and Ethiopia producers, east african
Festival;Malmo Arab Film Festival;;Sweden;Malmo;29/04/2025;x;x;;x;Tous;Tous;;;https://www.maffswe.com/;;Production Grant for Arab movies with Swedish producer, Dev fund, and Postproduction fund
Fonds;Brouillon d'un rêve ;Scam;France ;Paris;;x;x;;;Doc;Ciné & TV;;;https://filmfreeway.com/AFRIFF;;Repérages de 2500€ ou écriture de 2,500 à 6000€
Fonds;impact partners;;;;;;x;x;x;Doc;Feature-length;;;https://impactpartnersfilm.com/submit/;;2nd film minimum, international filmmakers
Fonds;mama cahs;Revolution fund;Netherlands;;;;x;x;x;Doc;Tous;;;https://www.mamacash.org/apply-for-a-grant/;;Women directors on feminists topics (1 film granted only before) max 10 000€ , create change. always open
Fonds;Perspective fund;Documentary film support;;;;;;;;;;;;https://filmfreeway.com/AFRIFF;;For committed filmmakers with a identified community to help to create thei impact strategy.
Festival;Brussels IFF;Brussels Genre Film Market WIP Raven section;;;14/04/2025;;x;x;x;Fiction;Feature-length;;;https://www.bifmarket.net/the-hatching-raven-section/;;Films de genre spécifiquement, international projects
Festival;RIGA IFF SHOWCASE;;Latvia;Riga;16/10/2025;;x;x;x;Fiction;Feature;01/06/2025;;https://rigaiff.lv/en/forum-2024/riga-iff-showcase/?info=submission;;International projects of  Feature fictions and seriesfrom estern and central europe
Program;First flights;;;;;;;;;;;;;https://firstflights.film/;;1st Movie for both Director and Producer
Festival;Cairo IFF;Connection;Egypte;Cairo;12/11/2025;;x;x;x;Tous;Feature;;01/08/2025;https://www.ciff.org.eg/cfc-rules-and-regulations/;;
Festival;Docudays UA;;Ukrainie;;06/06/2025;;;;;;;;22/12/2025;https://docudays.ua/eng/submit-your-film/;;
Festival;Docudays UA;;Ukrainie;;06/06/2025;"x
";x;;;;CM;;22/12/2025;https://docudays.ua/eng/submit-your-film/;;Human Rights Beetween 20 and 40 minutes ukriaian director's film linked with ngos ! Find an ngos ? 
Fonds;European Solidarity Funds for Ukrainian Films;;;;;;x;x;;Tous;Feature;;30/06/2025;https://esfuf.eu/how-to-apply/;;+60 min, ukrainian director, coproduce by both EU and Ukrainian country
Program;Tokyo Docs;;Japon;Tokyo;;;x;x;;Doc;Tous;;04/07/2025;https://tokyodocs.jp/en/how-to-apply;;Movies related with japan and asia and Asian Filmmaker !
Festival;El Gouna;Funding ;Egypte;El Gouna;15/10/2025;x;x;x;;;;;15/07/2025;https://elgounafilmfestival.com/submissions/;;MENA
Festival;Next Narrative Feature Africa;;;;;x;x;x;;Fiction;Feature;;01-août;https://nextnarrativeafricafund.com/pitch/;;African Director / Team, up to 100 000$
Plateforme;Gagaoola;;Taiwan;Taipei;;;;;;Tous;Tous;;;https://www.gagaoolala.com/en/open-submissions;;LGBT contents
Program;Documentary Campus;;Europe;;01/03/2026;x;x;;;Doc;Tous;;01/12/2025;https://www.documentary-campus.com/training/masterschool;;Costs 8000€ to be paied when the movie goes to production. (to include in the budget)
;;;;;;;;;;;;;;;;
;;;;;;;;;;;;;;;;
;;;;;;;;;;;;;;;;
